index,year,scenario,constitution,corruption_index,trust_index,grievance_index,iig_effectiveness,coup_probability,north_star_progress,gini_coefficient,ethnic_harmony,stability_index,employment_rate,brain_drain_rate,vpn_floor,social_media_openness,active_shocks,china_influence,run_id,seed,final_year,simulation_failed,total_shocks_fired,total_shutdowns,final_vpn_floor,mean_sm_openness
0,0,C,2008_myanmar_military,0.72,0.22,0.6,0.3,0.25,0.0,0.55,0.35,0.18,0.58,0.35,0.35,1.0,0,0.75,0,67,5,False,8,4,0.39,0.4699999999999999
1,0,C,2008_myanmar_military,0.21010646031359168,0.279,0.55,0.0,0.27999999999999997,0.0,0.008568171915895154,0.35,0.60015,0.58,0.0006315789473684211,0.35,0.44999999999999996,1,0.755,0,67,5,False,8,4,0.39,0.4699999999999999
2,1,C,2008_myanmar_military,0.2544667603179911,0.05113859034804584,0.55,0.0,0.25999999999999995,0.0,0.022958050713813034,0.35,0.3149016608306435,0.58,0.0011578947368421054,0.36,0.45999999999999996,2,0.781792452482065,0,67,5,False,8,4,0.39,0.4699999999999999
3,2,C,2008_myanmar_military,0.2996463690526522,0.0,0.55,0.0,0.23999999999999996,0.0,0.03368800828709616,0.35,0.29019656287185813,0.58,0.0030526315789473684,0.37,0.47,2,0.8085849049641299,0,67,5,False,8,4,0.39,0.4699999999999999
4,3,C,2008_myanmar_military,0.3575379694280245,0.0,0.55,0.0,0.21999999999999997,0.0,0.046180050802863325,0.35,0.29041826722194736,0.58,0.0050526315789473685,0.38,0.48,5,0.814835056961689,0,67,5,False,8,4,0.39,0.4699999999999999
5,4,C,2008_myanmar_military,0.40860633192078694,0.0,0.55,0.0,0.19999999999999998,0.0,0.056791710886956996,0.35,0.29838396442664655,0.58,0.006526315789473684,0.39,0.49,5,0.8210852089592481,0,67,5,False,8,4,0.39,0.4699999999999999
