index,year,scenario,constitution,corruption_index,trust_index,grievance_index,iig_effectiveness,coup_probability,north_star_progress,gini_coefficient,ethnic_harmony,stability_index,employment_rate,brain_drain_rate,vpn_floor,social_media_openness,active_shocks,china_influence,run_id,seed,final_year,simulation_failed,total_shocks_fired,total_shutdowns,final_vpn_floor,mean_sm_openness
0,0,A,mfu_v7,0.72,0.22,0.6,0.3,0.25,0.0,0.55,0.35,0.18,0.58,0.35,0.35,1.0,0,0.75,0,65,5,False,2,0,0.35,1.0
1,0,A,mfu_v7,0.209436697437688,0.319,0.55,0.0,0.23,0.0,0.007162467449115212,0.35,0.61515,0.58,0.0005263157894736842,0.35,1.0,0,0.755,0,65,5,False,2,0,0.35,1.0
2,1,A,mfu_v7,0.2582372971091836,0.37466361538074605,0.55,0.0,0.21000000000000002,0.0,0.023492960490317325,0.35,0.6324504346117088,0.58,0.0010526315789473684,0.35,1.0,1,0.76,0,65,5,False,2,0,0.35,1.0
3,2,A,mfu_v7,0.30404612813536425,0.4196801383500846,0.55,0.0,0.19000000000000003,0.0,0.03584073831544106,0.35,0.657837412972667,0.58,0.0016842105263157896,0.35,1.0,1,0.765,0,65,5,False,2,0,0.35,1.0
4,3,A,mfu_v7,0.3640306708628267,0.4448674341693675,0.55,0.0,0.17000000000000004,0.0,0.05433595027946552,0.35,0.6688584043538637,0.58,0.0025263157894736842,0.35,1.0,1,0.77,0,65,5,False,2,0,0.35,1.0
5,4,A,mfu_v7,0.4186634218111933,0.47385771300114415,0.55,0.0,0.15000000000000005,0.0,0.071549105230969,0.35,0.6918205049999526,0.58,0.003263157894736842,0.35,1.0,1,0.7395511093354367,0,65,5,False,2,0,0.35,1.0
