index,year,scenario,constitution,corruption_index,trust_index,grievance_index,iig_effectiveness,coup_probability,north_star_progress,gini_coefficient,ethnic_harmony,stability_index,employment_rate,brain_drain_rate,vpn_floor,social_media_openness,active_shocks,china_influence,run_id,seed,final_year,simulation_failed,total_shocks_fired,total_shutdowns,final_vpn_floor,mean_sm_openness
0,0,C,mfu_v7,0.72,0.22,0.6,0.3,0.25,0.0,0.55,0.35,0.18,0.58,0.35,0.35,1.0,0,0.75,0,67,5,False,8,4,0.39,0.4699999999999999
1,0,C,mfu_v7,0.22072903732450588,0.279,0.55,0.0,0.27999999999999997,0.0,0.008936170695250862,0.35,0.60015,0.58,0.0006315789473684211,0.35,0.44999999999999996,1,0.755,0,67,5,False,8,4,0.39,0.4699999999999999
2,1,C,mfu_v7,0.2674564445985917,0.06891035975528413,0.55,0.0,0.25999999999999995,0.0,0.02272697029915106,0.35,0.33178484176751993,0.58,0.0009473684210526315,0.36,0.45999999999999996,2,0.781792452482065,0,67,5,False,8,4,0.39,0.4699999999999999
3,2,C,mfu_v7,0.31870788941498224,0.0,0.55,0.0,0.23999999999999996,0.0,0.031298228685486935,0.35,0.29526157078498116,0.58,0.0023157894736842107,0.37,0.47,2,0.8085849049641299,0,67,5,False,8,4,0.39,0.4699999999999999
4,3,C,mfu_v7,0.3606989520526903,0.0,0.55,0.0,0.21999999999999997,0.0,0.0428825621476473,0.35,0.29035833095313324,0.58,0.004,0.38,0.48,5,0.814835056961689,0,67,5,False,8,4,0.39,0.4699999999999999
5,4,C,mfu_v7,0.41601921705270367,0.0,0.55,0.0,0.19999999999999998,0.0,0.05324052617558285,0.35,0.2996794189692135,0.58,0.005157894736842105,0.39,0.49,5,0.8210852089592481,0,67,5,False,8,4,0.39,0.4699999999999999
