year,scenario,corruption_index,trust_index,grievance_index,merit_integrity,iig_effectiveness,coup_probability,ethnic_harmony,gini_coefficient,employment_rate,phd_output,knowledge_capital,brain_drain_rate,tax_compliance,shame_register_size,foreign_investors,stability_index,north_star_progress,total_ruin_events,fdi_net,inflation_rate,psych_probation_count,run_id,seed,final_year,simulation_failed
0,C,0.6563858170941235,0.2110542616315857,0.6169099226121659,0.0,0.05,0.45,0.26875393078058724,0.33950428273692185,0.46842105263157896,0,0.0,0.0,0.9,0,0,0.18,0.263,0,0.0,0.12,0,0,67,5,False
0,C,0.7346207446256896,0.1929091551641467,0.9914337443637747,0.0,0.05,0.495,0.2717059603008827,0.31218368740924407,0.5025641025641026,0,0.0,0.175,1.0,0,0,0.4625,0.24238775625278494,0,0.0,0.12072199498120455,0,0,67,5,False
1,C,0.8166655766098668,0.26779758131461134,1.0,0.0,0.05,0.54,0.2813000562418422,0.2927984012667824,0.5151515151515151,0,0.0,0.175,1.0,0,0,0.42675,0.23733416783802186,0,0.0,0.11358436604267931,0,0,67,5,False
2,C,0.8850903677139239,0.31979640191222575,1.0,0.0,0.05,0.5850000000000001,0.2888856437955787,0.28010509993791677,0.515,0,0.0,0.105,1.0,0,0,0.4182724067787696,0.22661741239999328,0,0.0,0.08076698584062479,0,0,67,5,False
3,C,0.9249024058430796,0.3536173495719694,1.0,0.0,0.05,0.6,0.29402917537492546,0.2752305413400295,0.5124378109452736,0,0.0,0.065,0.995,0,0,0.4065630915239083,0.2118124294538057,0,0.0,0.06471666690831719,0,0,67,5,False
4,C,0.9382423682509263,0.37620137008163107,1.0,0.0,0.05,0.6,0.2977052407029891,0.26442916145155343,0.5073891625615764,0,0.0,0.085,0.995,1,0,0.4045915708455054,0.19781630204842723,3,0.0,0.04107539510553283,0,0,67,5,False
