year,scenario,corruption_index,trust_index,grievance_index,merit_integrity,iig_effectiveness,coup_probability,ethnic_harmony,gini_coefficient,employment_rate,phd_output,knowledge_capital,brain_drain_rate,tax_compliance,shame_register_size,foreign_investors,stability_index,north_star_progress,total_ruin_events,fdi_net,inflation_rate,psych_probation_count,run_id,seed,final_year,simulation_failed
0,A,0.6509353062624994,0.21814780507698842,0.6122549338427421,0.0,0.05,0.45,0.2681586922519164,0.3588441824145385,0.574468085106383,0,0.0,0.0,0.9,0,0,0.18,0.263,0,0.0,0.12,0,0,65,5,False
0,A,0.711089778191232,0.21270346355389194,0.9805846504634896,0.0,0.0,0.43,0.2755387660526542,0.3236131009179467,0.5759162303664922,0,0.0,0.18,1.0,0,0,0.48250000000000004,0.26795979045565177,0,0.0,0.11698686874585625,0,0,65,5,False
1,A,0.7715318381183739,0.2970173873715986,1.0,0.0,0.0002,0.41,0.2784907955729494,0.2944923833571738,0.5721649484536082,0,0.0,0.13,1.0,0,0,0.46900000000000003,0.26360202171317737,0,0.0,0.09453739883606549,0,0,65,5,False
2,A,0.8240159294121687,0.35603713404399345,1.0,0.0,0.0004,0.38999999999999996,0.2840070789156369,0.26269419420243,0.5736040609137056,0,0.0,0.15,1.0,0,0,0.4892612407209686,0.25802286543054165,0,0.0,0.07770790336849151,0,0,65,5,False
3,A,0.8645896059014632,0.3973509567146695,1.0,0.0,0.0025736842105263153,0.36999999999999994,0.2891870412968847,0.24209639116980652,0.5829145728643216,0,0.0,0.085,1.0,0,0,0.5058531092256465,0.24861645573792085,1,0.0,0.058676856461304036,0,0,65,5,False
4,A,0.8939721858694478,0.4262706325841429,1.0,0.0,0.07041565920990003,0.3499999999999999,0.293050731805249,0.225560614566138,0.59,0,0.0,0.06,0.995,3,0,0.5201724698105002,0.24666020694382715,3,0.0,0.04300262069578582,0,0,65,5,False
